{
  "project_info": {
    "project_number": "188157518555",
    "project_id": "kowshiknew01",
    "storage_bucket": "kowshiknew01.firebasestorage.app"
  },
  "client": [
    {
      "client_info": {
        "mobilesdk_app_id": "1:188157518555:android:259b06e454e9727c0122fe",
        "android_client_info": {
          "package_name": "com.example.flutter_application_1"
        }
      },
      "oauth_client": [],
      "api_key": [
        {
          "current_key": "AIzaSyDpp6avBaOkyQeVe_t-4h33ON2tqrUasQI"
        }
      ],
      "services": {
        "appinvite_service": {
          "other_platform_oauth_client": []
        }
      }
    }
  ],
  "configuration_version": "1"
}