{"flutter":{"platforms":{"android":{"default":{"projectId":"kowshiknew01","appId":"1:188157518555:android:259b06e454e9727c0122fe","fileOutput":"android/app/google-services.json"}},"dart":{"lib/firebase_options.dart":{"projectId":"kowshiknew01","configurations":{"android":"1:188157518555:android:259b06e454e9727c0122fe","ios":"1:188157518555:ios:3b534d91119453d40122fe","macos":"1:188157518555:ios:3b534d91119453d40122fe","web":"1:188157518555:web:438c52cd938a93f10122fe","windows":"1:188157518555:web:d3b61ac07a3c15430122fe"}}}}}}